{
  "ModId": "$safeprojectname$",
  "ModName": "Reloaded Mod Config Template",
  "ModAuthor": "Someone",
  "ModVersion": "1.0.0",
  "ModDescription": "Template for a Reloaded Mod Configuration",
  "ModDll": "$projectname$.dll",
  "ModIcon": "Preview.png",
  "ModR2RManagedDll32": "x86/$projectname$.dll",
  "ModR2RManagedDll64": "x64/$projectname$.dll",
  "ModNativeDll32": "",
  "ModNativeDll64": "",
  "ModDependencies": [ "reloaded.sharedlib.hooks" ],
  "OptionalDependencies": null,
  "SupportedAppId": []
}