{
  "ModId": "$safeprojectname$",
  "ModName": "Reloaded Mod Config Template",
  "ModAuthor": "Someone",
  "ModVersion": "1.0.0",
  "ModDescription": "Template for a Reloaded Mod Configuration",
  "ModDll": "$safeprojectname$.dll",
  "ModIcon": "Preview.png",
  "ModR2RManagedDll32": "",
  "ModR2RManagedDll64": "",
  "ModNativeDll32": "",
  "ModNativeDll64": "",
  "IsLibrary": false,
  "ReleaseMetadataFileName": "Sewer56.Update.ReleaseMetadata.json",
  "PluginData": {},
  "IsUniversalMod": false,
  "ModDependencies": ["reloaded.sharedlib.hooks"],
  "OptionalDependencies": [],
  "SupportedAppId": []
}